Workbook

Sheet Summary
A1: activity_code | B1: activity_name | C1: total_minutes | D1: total_count | E1: minutes_per_unit | F1: measured_hours
A2: BM | B2: Barang Masuk | C2: =SUMIF(Observations!I:I, A2, Observations!D:D) | D2: =SUMIFS(Observations!K:K, Observations!I:I, A2) + SUMIFS(Observations!J:J, Observations!I:I, A2) | E2: =IFERROR(C2/D2, 0) | F2: =C2/60
A3: BK | B3: Barang Keluar | C3: =SUMIF(Observations!I:I, A3, Observations!D:D) | D3: =SUMIFS(Observations!K:K, Observations!I:I, A3) + SUMIFS(Observations!J:J, Observations!I:I, A3) | E3: =IFERROR(C3/D3, 0) | F3: =C3/60
A4: SO | B4: Stock Opname | C4: =SUMIF(Observations!I:I, A4, Observations!D:D) | D4: =SUMIFS(Observations!K:K, Observations!I:I, A4) + SUMIFS(Observations!J:J, Observations!I:I, A4) | E4: =IFERROR(C4/D4, 0) | F4: =C4/60
A5: TR | B5: Transfer Antar Ruang | C5: =SUMIF(Observations!I:I, A5, Observations!D:D) | D5: =SUMIFS(Observations!K:K, Observations!I:I, A5) + SUMIFS(Observations!J:J, Observations!I:I, A5) | E5: =IFERROR(C5/D5, 0) | F5: =C5/60
A6: EXP | B6: Cek Kedaluwarsa | C6: =SUMIF(Observations!I:I, A6, Observations!D:D) | D6: =SUMIFS(Observations!K:K, Observations!I:I, A6) + SUMIFS(Observations!J:J, Observations!I:I, A6) | E6: =IFERROR(C6/D6, 0) | F6: =C6/60
A7: LAP | B7: Buat Laporan | C7: =SUMIF(Observations!I:I, A7, Observations!D:D) | D7: =SUMIFS(Observations!K:K, Observations!I:I, A7) + SUMIFS(Observations!J:J, Observations!I:I, A7) | E7: =IFERROR(C7/D7, 0) | F7: =C7/60
A8: KON | B8: Konsolidasi Owner | C8: =SUMIF(Observations!I:I, A8, Observations!D:D) | D8: =SUMIFS(Observations!K:K, Observations!I:I, A8) + SUMIFS(Observations!J:J, Observations!I:I, A8) | E8: =IFERROR(C8/D8, 0) | F8: =C8/60
A9: LAIN | B9: Lainnya | C9: =SUMIF(Observations!I:I, A9, Observations!D:D) | D9: =SUMIFS(Observations!K:K, Observations!I:I, A9) + SUMIFS(Observations!J:J, Observations!I:I, A9) | E9: =IFERROR(C9/D9, 0) | F9: =C9/60
B10: TOTAL | C10: =SUM(C2:C9) | F10: =SUM(F2:F9)

Sheet Codes
A1: code | B1: activity | C1: definition | D1: measure_unit
A2: BM | B2: Barang Masuk | C2: Catat penerimaan barang dari supplier | D2: per_invoice_line
A3: BK | B3: Barang Keluar | C3: Catat pemakaian barang untuk perawatan | D3: per_transaksi
A4: SO | B4: Stock Opname | C4: Audit fisik mingguan: hitung + selisih + BA | D4: per_sesi_per_ruang
A5: TR | B5: Transfer Antar Ruang | C5: Pindah barang antar ruang/cabang + rekonsiliasi | D5: per_transfer
A6: EXP | B6: Cek Kedaluwarsa | C6: Cek tanggal expired periodic per ruang | D6: per_sesi
A7: LAP | B7: Buat Laporan | C7: Rekap bulanan jadi laporan | D7: per_laporan
A8: KON | B8: Konsolidasi Owner | C8: Gabungkan laporan 4 cabang | D8: per_periode
A9: LAIN | B9: Lainnya | C9: Aktivitas lain (jelaskan di notes) | D9: per_kejadian

Sheet Observations
A1: date | B1: start_time | C1: end_time | D1: duration_minutes | E1: observer | F1: subject_staff | G1: branch | H1: room | I1: activity_code | J1: item_count | K1: transaction_count | L1: notes
A2: 2026-06-01 | B2: 08:30 | C2: 08:55 | D2: 25 | E2: Andi | F2: Sari (Perawat) | G2: Pusat | H2: Ruang Perawatan 1 | I2: BK | J2: 1 | K2: 8 | L2: 8 trx barang keluar pasien pagi
A3: 2026-06-01 | B3: 10:00 | C3: 10:42 | D3: 42 | E3: Andi | F3: Budi (Kepala) | G3: Pusat | H3: Gudang Utama | I3: BM | J3: 15 | K3: 1 | L3: Terima 1 invoice 15 line
A4: 2026-06-01 | B4: 14:00 | C4: 14:18 | D4: 18 | E4: Andi | F4: Sari (Perawat) | G4: Pusat | H4: Ruang Perawatan 1 | I4: BK | J4: 1 | K4: 5
A5: 2026-06-02 | B5: 07:00 | C5: 07:25 | D5: 25 | E5: Andi | F5: Budi (Kepala) | G5: Pusat | H5: Gudang Utama | I5: EXP | J5: 200 | K5: 0 | L5: Cek expired periodic
